-- --------------------------------------------------------
-- Servidor:                     127.0.0.1
-- Versão do servidor:           10.4.32-MariaDB - mariadb.org binary distribution
-- OS do Servidor:               Win64
-- HeidiSQL Versão:              12.8.0.6908
-- --------------------------------------------------------

/*!40101 SET @OLD_CHARACTER_SET_CLIENT=@@CHARACTER_SET_CLIENT */;
/*!40101 SET NAMES utf8 */;
/*!50503 SET NAMES utf8mb4 */;
/*!40103 SET @OLD_TIME_ZONE=@@TIME_ZONE */;
/*!40103 SET TIME_ZONE='+00:00' */;
/*!40014 SET @OLD_FOREIGN_KEY_CHECKS=@@FOREIGN_KEY_CHECKS, FOREIGN_KEY_CHECKS=0 */;
/*!40101 SET @OLD_SQL_MODE=@@SQL_MODE, SQL_MODE='NO_AUTO_VALUE_ON_ZERO' */;
/*!40111 SET @OLD_SQL_NOTES=@@SQL_NOTES, SQL_NOTES=0 */;

-- Copiando dados para a tabela sistema_educacional.cursos: ~1 rows (aproximadamente)
INSERT IGNORE INTO `cursos` (`id`, `nome`, `descricao`) VALUES
	(1, 'teste', 'teste'),
	(3, 'Matemática Básica', 'Curso introdutório de matemática, abordando conceitos fundamentais como operações aritméticas, frações e equações básicas.'),
	(4, 'Introdução à Programação', 'Curso básico de programação com foco em lógica de programação e introdução a linguagens como Python.'),
	(5, 'História do Brasil', 'Curso que aborda a história do Brasil desde a colonização até os dias atuais, com ênfase em eventos políticos e sociais.'),
	(6, 'Inglês para Iniciantes', 'Curso voltado para o aprendizado básico do idioma inglês, focando em gramática, vocabulário e conversação.'),
	(7, 'Física Geral', 'Curso de introdução aos conceitos básicos da física, como movimento, energia, e leis de Newton.'),
	(8, 'Química Orgânica', 'Curso que explora os compostos orgânicos, suas estruturas e reações, com foco em conceitos fundamentais.'),
	(9, 'Biologia Celular', 'Estudo dos componentes celulares e processos bioquímicos fundamentais dentro das células.'),
	(10, 'Geometria Analítica', 'Curso de matemática avançada que aborda conceitos de vetores, equações de reta e planos.'),
	(11, 'Introdução ao Marketing Digital', 'Curso focado em estratégias de marketing digital, incluindo SEO, SEM, e redes sociais.'),
	(12, 'Desenvolvimento Web', 'Curso introdutório sobre desenvolvimento de sites, abordando HTML, CSS, JavaScript e frameworks modernos.');

-- Copiando dados para a tabela sistema_educacional.matriculas: ~170 rows (aproximadamente)
INSERT IGNORE INTO `matriculas` (`usuario_id`, `curso_id`, `data_matricula`) VALUES
	(1, 3, '2024-09-22'),
	(2, 2, '2024-09-22'),
	(2, 3, '2024-09-22'),
	(3, 3, '2024-09-22'),
	(4, 1, '2024-09-22'),
	(4, 2, '2024-09-22'),
	(7, 2, '2024-09-22'),
	(9, 2, '2024-09-22'),
	(9, 3, '2024-09-22'),
	(10, 1, '2024-09-22'),
	(12, 3, '2024-09-22'),
	(13, 3, '2024-09-22'),
	(14, 2, '2024-09-22'),
	(14, 3, '2024-09-22'),
	(16, 1, '2024-09-22'),
	(16, 2, '2024-09-22'),
	(20, 1, '2024-09-22'),
	(21, 3, '2024-09-22'),
	(24, 1, '2024-09-22'),
	(25, 2, '2024-09-22'),
	(27, 2, '2024-09-22'),
	(28, 2, '2024-09-22'),
	(29, 3, '2024-09-22'),
	(31, 1, '2024-09-22'),
	(32, 1, '2024-09-22'),
	(32, 3, '2024-09-22'),
	(33, 3, '2024-09-22'),
	(34, 2, '2024-09-22'),
	(35, 2, '2024-09-22'),
	(35, 3, '2024-09-22'),
	(36, 1, '2024-09-22'),
	(37, 1, '2024-09-22'),
	(40, 2, '2024-09-22'),
	(41, 3, '2024-09-22'),
	(42, 3, '2024-09-22'),
	(47, 1, '2024-09-22'),
	(47, 2, '2024-09-22'),
	(47, 3, '2024-09-22'),
	(49, 1, '2024-09-22'),
	(51, 1, '2024-09-22'),
	(52, 1, '2024-09-22'),
	(53, 1, '2024-09-22'),
	(54, 2, '2024-09-22'),
	(55, 2, '2024-09-22'),
	(56, 3, '2024-09-22'),
	(57, 1, '2024-09-22'),
	(58, 2, '2024-09-22'),
	(61, 1, '2024-09-22'),
	(61, 2, '2024-09-22'),
	(62, 2, '2024-09-22'),
	(64, 2, '2024-09-22'),
	(65, 3, '2024-09-22'),
	(67, 2, '2024-09-22'),
	(70, 1, '2024-09-22'),
	(71, 2, '2024-09-22'),
	(72, 1, '2024-09-22'),
	(72, 2, '2024-09-22'),
	(74, 2, '2024-09-22'),
	(76, 1, '2024-09-22'),
	(78, 2, '2024-09-22'),
	(78, 3, '2024-09-22'),
	(79, 2, '2024-09-22'),
	(80, 2, '2024-09-22'),
	(81, 3, '2024-09-22'),
	(82, 1, '2024-09-22'),
	(82, 3, '2024-09-22'),
	(83, 1, '2024-09-22'),
	(83, 2, '2024-09-22'),
	(84, 2, '2024-09-22'),
	(85, 1, '2024-09-22'),
	(85, 3, '2024-09-22'),
	(86, 2, '2024-09-22'),
	(90, 1, '2024-09-22'),
	(90, 2, '2024-09-22'),
	(92, 1, '2024-09-22'),
	(93, 2, '2024-09-22'),
	(94, 2, '2024-09-22'),
	(94, 3, '2024-09-22'),
	(97, 3, '2024-09-22'),
	(98, 3, '2024-09-22'),
	(99, 3, '2024-09-22'),
	(101, 2, '2024-09-22'),
	(102, 1, '2024-09-22'),
	(102, 2, '2024-09-22'),
	(103, 1, '2024-09-22'),
	(103, 2, '2024-09-22'),
	(104, 2, '2024-09-22'),
	(105, 2, '2024-09-22'),
	(106, 1, '2024-09-22'),
	(106, 3, '2024-09-22'),
	(107, 2, '2024-09-22'),
	(109, 2, '2024-09-22'),
	(109, 3, '2024-09-22'),
	(110, 1, '2024-09-22'),
	(111, 3, '2024-09-22'),
	(112, 2, '2024-09-22'),
	(113, 3, '2024-09-22'),
	(114, 2, '2024-09-22'),
	(115, 1, '2024-09-22'),
	(118, 2, '2024-09-22'),
	(119, 3, '2024-09-22'),
	(124, 1, '2024-09-22'),
	(126, 2, '2024-09-22'),
	(129, 2, '2024-09-22'),
	(131, 1, '2024-09-22'),
	(132, 1, '2024-09-22'),
	(133, 1, '2024-09-22'),
	(133, 3, '2024-09-22'),
	(135, 1, '2024-09-22'),
	(135, 2, '2024-09-22'),
	(138, 1, '2024-09-22'),
	(140, 2, '2024-09-22'),
	(141, 3, '2024-09-22'),
	(142, 1, '2024-09-22'),
	(143, 3, '2024-09-22'),
	(144, 2, '2024-09-22'),
	(144, 3, '2024-09-22'),
	(145, 1, '2024-09-22'),
	(147, 1, '2024-09-22'),
	(147, 2, '2024-09-22'),
	(148, 1, '2024-09-22'),
	(148, 2, '2024-09-22'),
	(150, 1, '2024-09-22'),
	(150, 3, '2024-09-22'),
	(152, 2, '2024-09-22'),
	(152, 3, '2024-09-22'),
	(153, 2, '2024-09-22'),
	(155, 2, '2024-09-22'),
	(156, 1, '2024-09-22'),
	(158, 1, '2024-09-22'),
	(158, 2, '2024-09-22'),
	(162, 2, '2024-09-22'),
	(162, 3, '2024-09-22'),
	(165, 3, '2024-09-22'),
	(166, 1, '2024-09-22'),
	(166, 3, '2024-09-22'),
	(167, 3, '2024-09-22'),
	(169, 2, '2024-09-22'),
	(169, 3, '2024-09-22'),
	(170, 1, '2024-09-22'),
	(171, 2, '2024-09-22'),
	(173, 2, '2024-09-22'),
	(173, 3, '2024-09-22'),
	(174, 1, '2024-09-22'),
	(174, 2, '2024-09-22'),
	(176, 3, '2024-09-22'),
	(177, 2, '2024-09-22'),
	(177, 3, '2024-09-22'),
	(178, 1, '2024-09-22'),
	(181, 2, '2024-09-22'),
	(182, 2, '2024-09-22'),
	(182, 3, '2024-09-22'),
	(184, 2, '2024-09-22'),
	(185, 2, '2024-09-22'),
	(186, 3, '2024-09-22'),
	(187, 1, '2024-09-22'),
	(187, 3, '2024-09-22'),
	(188, 1, '2024-09-22'),
	(188, 2, '2024-09-22'),
	(189, 3, '2024-09-22'),
	(191, 2, '2024-09-22'),
	(192, 2, '2024-09-22'),
	(194, 1, '2024-09-22'),
	(195, 3, '2024-09-22'),
	(196, 1, '2024-09-22'),
	(196, 2, '2024-09-22'),
	(197, 1, '2024-09-22'),
	(198, 2, '2024-09-22'),
	(199, 3, '2024-09-22'),
	(200, 1, '2024-09-22');

-- Copiando dados para a tabela sistema_educacional.usuarios: ~201 rows (aproximadamente)
INSERT IGNORE INTO `usuarios` (`id`, `nome`, `senha`) VALUES
	(1, 'pedro', '123'),
	(2, 'Ricardo Araújo', 'T42GKijm'),
	(3, 'José Gomes', 'r23hEwB3'),
	(4, 'Rafael Rocha', 'XeDIvddm'),
	(5, 'Carlos Freitas', 'aT2u6ZFQ'),
	(6, 'Pedro Freitas', 'NUhoh7wp'),
	(7, 'Patrícia Alves', '1gWnsAXW'),
	(8, 'Mariana Barbosa', 'UME4bgA1'),
	(9, 'Juliana Melo', 'KEQSQj8F'),
	(10, 'Beatriz Gomes', 'c7akVowV'),
	(11, 'Luciana Alves', 's7JCo3cX'),
	(12, 'Eduarda Ribeiro', 'AXlRMgk6'),
	(13, 'Daniel Souza', '5TMJSgZc'),
	(14, 'Ricardo Nunes', '5dIr7YTQ'),
	(15, 'João Freitas', 'RFPEXZ9q'),
	(16, 'Pedro Almeida', 'iTjOo0Ln'),
	(17, 'Bruno Barbosa', 'Fnyv7ZaC'),
	(18, 'Larissa Santos', '3HF8q0fW'),
	(19, 'Fábio Barbosa', 'GCk9xO2k'),
	(20, 'Larissa Melo', 'MAaygM7W'),
	(21, 'Larissa Alves', 'Als2lBRB'),
	(22, 'Rodrigo Mendes', 'OuFx5sxa'),
	(23, 'Juliana Lima', '1AWXCtlT'),
	(24, 'Juliana Araújo', '029bmXQ7'),
	(25, 'Mariana Ribeiro', 'lw2BjgZh'),
	(26, 'Daniel Ribeiro', '2jPYkVzf'),
	(27, 'Thiago Fernandes', 'OOSy7B62'),
	(28, 'Alice Almeida', 'HqOVuAP7'),
	(29, 'Fábio Lima', '4FtOG350'),
	(30, 'Eduarda Fernandes', 'rnl6Vfpz'),
	(31, 'Maria Melo', 'oinCnRxs'),
	(32, 'Maria Freitas', 'SQ4OAEXO'),
	(33, 'Rodrigo Martins', '0mbcQZ7d'),
	(34, 'Maria Gomes', 'ujf2mSPA'),
	(35, 'Fernanda Araújo', 'bPxJx6Wf'),
	(36, 'Fábio Freitas', 'vaPRmYTW'),
	(37, 'Mariana Souza', 'GtdTQ4CA'),
	(38, 'Maria Pereira', 'Qqbks1iQ'),
	(39, 'Bruno Ribeiro', 'x8CVRX1t'),
	(40, 'Gabriel Ribeiro', 'R66l7lb5'),
	(41, 'Ana Almeida', 'OPK1PDfC'),
	(42, 'Carlos Fernandes', 'EcHnKEqV'),
	(43, 'Ricardo Santos', 'aPrR1KGy'),
	(44, 'Rafael Barbosa', 'jaaqD0CM'),
	(45, 'Luciana Araújo', 'OKrMxzCw'),
	(46, 'João Almeida', 'zLDJ6XCn'),
	(47, 'João Barbosa', 'UF4rNjmp'),
	(48, 'Fábio Santos', 'ElANKYVv'),
	(49, 'Ricardo Silva', 'NPMM8IBN'),
	(50, 'Rodrigo Costa', 'hKFJFJWC'),
	(51, 'Fernanda Rocha', 'KrhaWaRz'),
	(52, 'Vitor Costa', 'jN2iY7Pk'),
	(53, 'Pedro Nunes', 'Zi8ICXUp'),
	(54, 'Thiago Pereira', 'eqNadTAd'),
	(55, 'Larissa Nunes', 'Iq3C7pfh'),
	(56, 'Vitor Pereira', 'AjoKVE4Q'),
	(57, 'Daniel Gomes', 'lMyDdYr0'),
	(58, 'Beatriz Rocha', '3GKcgENZ'),
	(59, 'Daniel Lima', '2IQbfbPO'),
	(60, 'Vitor Nunes', 'hYftkHM1'),
	(61, 'Fernanda Oliveira', 'nsucBOiu'),
	(62, 'Juliana Araújo', 'HH8Ggwph'),
	(63, 'Larissa Oliveira', '3yBpavv5'),
	(64, 'Patrícia Barbosa', 'CzNCE2qU'),
	(65, 'Rodrigo Oliveira', 'Jq5lXcFU'),
	(66, 'Beatriz Soares', 'u502zLqV'),
	(67, 'Larissa Ribeiro', 'nhVeKUzZ'),
	(68, 'Eduarda Souza', 'YhtdnzEo'),
	(69, 'Patrícia Silva', 'Xn8rkolR'),
	(70, 'Fernanda Nunes', '1iDyMPFu'),
	(71, 'Larissa Martins', 'UmN7F53A'),
	(72, 'Camila Andrade', 'N8y5ZVRY'),
	(73, 'Bruno Nunes', 'ULAEW533'),
	(74, 'Carlos Rocha', 'pAzjO1k6'),
	(75, 'Paulo Freitas', 'pTDYsXCO'),
	(76, 'Rodrigo Nunes', 'ik8jBsoU'),
	(77, 'Beatriz Nunes', 'QwAHn5Do'),
	(78, 'Alice Rocha', 'YdDhp2Hi'),
	(79, 'Mariana Melo', 'GQeGNnFo'),
	(80, 'Pedro Souza', 'Oq8FGOMy'),
	(81, 'Larissa Nunes', 'QQnemeHD'),
	(82, 'Thiago Gomes', 'XSmjlg9u'),
	(83, 'Ana Freitas', 'aL3m9dIx'),
	(84, 'Rafael Santos', 'Zwo163Lk'),
	(85, 'Luciana Santos', 'RpS51GfK'),
	(86, 'Gabriel Melo', 'IZrPaXjP'),
	(87, 'Pedro Soares', 'FzZ1VfjE'),
	(88, 'Daniel Ribeiro', 'zjBpPPnC'),
	(89, 'Luciana Fernandes', 'lFAqkwxB'),
	(90, 'Ana Ribeiro', 'dE5rRTyw'),
	(91, 'Luciana Fernandes', '0GNdGuNi'),
	(92, 'Maria Andrade', 'ob1tR9Lf'),
	(93, 'Luciana Souza', 'r3K4mLQY'),
	(94, 'Fernanda Barbosa', 'WArx2zeF'),
	(95, 'Fernanda Costa', '9k1O3l3l'),
	(96, 'Ana Gomes', 'lqwYzpu2'),
	(97, 'Beatriz Gomes', 'Nqz2lE91'),
	(98, 'Beatriz Souza', 'RxAo1YKW'),
	(99, 'Fernanda Andrade', 'ghEMyMh0'),
	(100, 'Ricardo Barbosa', 'viKrezzX'),
	(101, 'Fernanda Nunes', 'NWwJ1Mvh'),
	(102, 'Fernanda Fernandes', '0cUVKuvQ'),
	(103, 'Rodrigo Dias', 'sOFVCnXJ'),
	(104, 'Fábio Martins', 'Osx25oyt'),
	(105, 'Fábio Rocha', 'WUANXqEf'),
	(106, 'Bruno Fernandes', '39iHTvuG'),
	(107, 'Pedro Nunes', 'Q5kOBXf4'),
	(108, 'José Gomes', 'ad49kaAK'),
	(109, 'Bruno Ribeiro', 'LlaIh4tC'),
	(110, 'Carlos Martins', 'BSpcwZz5'),
	(111, 'Luciana Andrade', 'ZPthARko'),
	(112, 'Luciana Gomes', 'oLp5EX2x'),
	(113, 'Ana Melo', 'BX7cwvzE'),
	(114, 'Pedro Barbosa', 'i7Yw8KJ5'),
	(115, 'Ana Freitas', '55zTtCLd'),
	(116, 'Thiago Freitas', '43CLmi0K'),
	(117, 'Mariana Soares', 'OgV8PcpA'),
	(118, 'Daniel Nunes', 'iGTfF9sC'),
	(119, 'Patrícia Nunes', 'K9VorNNw'),
	(120, 'Lúcia Soares', 'we1MVXT4'),
	(121, 'Alice Ribeiro', 't6GPp0zG'),
	(122, 'Pedro Nunes', 'o02DVoLO'),
	(123, 'Daniel Oliveira', 'ErCN4mUn'),
	(124, 'Fernanda Ribeiro', 'm1AaPpCx'),
	(125, 'Camila Ribeiro', 'EOSi1e5Q'),
	(126, 'Gabriel Silva', 'ycgQFq1b'),
	(127, 'Daniel Costa', '8LYr5pmn'),
	(128, 'Eduarda Souza', 'QhvN6IF1'),
	(129, 'Luciana Santos', 'HIXDgjNB'),
	(130, 'Juliana Fernandes', 'lJaVYcac'),
	(131, 'Ricardo Souza', 'ELe9r87B'),
	(132, 'Luciana Oliveira', 'QGq7CpyT'),
	(133, 'Ana Melo', 'HJUygybT'),
	(134, 'Mariana Fernandes', 'DH1iOJ9J'),
	(135, 'Eduarda Ribeiro', 'AhYQMy8R'),
	(136, 'Gabriel Melo', 'muK6MbE1'),
	(137, 'Gabriel Mendes', 'qPwHafGl'),
	(138, 'Alice Dias', 'DDrYlhR2'),
	(139, 'Lúcia Lima', 'SuH0jeZq'),
	(140, 'Paulo Fernandes', 'vGb9jdsz'),
	(141, 'José Mendes', 'NxHdbTkh'),
	(142, 'José Silva', 'KVxbMkcj'),
	(143, 'Lúcia Souza', 'vqJPsnxj'),
	(144, 'Mariana Barbosa', 'g56w4CJj'),
	(145, 'Ana Freitas', 'xqCL0oov'),
	(146, 'Luciana Gomes', '3lrbbsxU'),
	(147, 'Pedro Martins', 'JmTQoELD'),
	(148, 'Luciana Alves', 'gpmxTrCb'),
	(149, 'Bruno Freitas', 'Xp4Yoo8v'),
	(150, 'Lúcia Alves', 'mFWYdYxJ'),
	(151, 'João Mendes', '9HldiWuk'),
	(152, 'Thiago Martins', 'IEUioZan'),
	(153, 'Larissa Almeida', 'R1CrfsPq'),
	(154, 'Fábio Fernandes', 'lbzh8ABg'),
	(155, 'Ana Rocha', 'JW9AI3FW'),
	(156, 'Bruno Nunes', 'URJfyl7g'),
	(157, 'Pedro Gomes', 'Dsx5Ddkk'),
	(158, 'Mariana Ribeiro', 'zFh4crhx'),
	(159, 'Daniel Mendes', 'WPnOp3Me'),
	(160, 'Mariana Araújo', 'EyZRrdkl'),
	(161, 'Pedro Pereira', 'g6OglDj5'),
	(162, 'Gabriel Barbosa', '5YYHyKIU'),
	(163, 'Daniel Costa', 'a9Ek1KCC'),
	(164, 'Vitor Oliveira', 'E2r3xOI3'),
	(165, 'Juliana Fernandes', 'LzyxTB6m'),
	(166, 'Vitor Andrade', '0xj00Bmi'),
	(167, 'Vitor Fernandes', '7hoUiAMb'),
	(168, 'Alice Almeida', 'nry5o9zr'),
	(169, 'Rafael Araújo', 'StZzb2XX'),
	(170, 'Larissa Fernandes', 'Au4wu1EY'),
	(171, 'Ana Oliveira', 'XgDPCUP2'),
	(172, 'Lúcia Fernandes', 'q3ltSpHi'),
	(173, 'Larissa Mendes', '7BIQpWMf'),
	(174, 'Fábio Santos', 'QlcZeDU7'),
	(175, 'José Freitas', '715lO3x3'),
	(176, 'Pedro Alves', 'MOrAwFBI'),
	(177, 'Patrícia Fernandes', '5DyeOcvV'),
	(178, 'Larissa Freitas', 'Jz2Mzkm1'),
	(179, 'Vitor Pereira', 'lWJEXpjC'),
	(180, 'Larissa Gomes', '7DixDbPC'),
	(181, 'Pedro Silva', 'KyljQhgj'),
	(182, 'Ricardo Santos', '7GZEcWTD'),
	(183, 'Bruno Martins', 'ZMIvKf8l'),
	(184, 'Ana Costa', 'rXHtIFhV'),
	(185, 'Carlos Ribeiro', '2cVacpZL'),
	(186, 'Fernanda Alves', '2OWTvCjw'),
	(187, 'Vitor Martins', 'TJ5oGKlS'),
	(188, 'Juliana Mendes', 'MpyOZaF9'),
	(189, 'Larissa Barbosa', 'MWrJ2fy8'),
	(190, 'Beatriz Silva', 'SaLtyfkl'),
	(191, 'João Fernandes', 'teWCHl6I'),
	(192, 'Juliana Santos', '1iNswH6u'),
	(193, 'Mariana Barbosa', '95yTZbZK'),
	(194, 'Fábio Silva', 'NvcZMguK'),
	(195, 'Maria Barbosa', 'Pc0vKKZL'),
	(196, 'Eduarda Gomes', 'eZ7tQ72m'),
	(197, 'Juliana Ribeiro', '3Q8igUEb'),
	(198, 'Gabriel Nunes', 'Qt1gev3T'),
	(199, 'Patrícia Freitas', 'E3sM1k0x'),
	(200, 'Patrícia Barbosa', 'eAeYNVZH'),
	(201, 'Mariana Silva', 'avBvJaim');

/*!40103 SET TIME_ZONE=IFNULL(@OLD_TIME_ZONE, 'system') */;
/*!40101 SET SQL_MODE=IFNULL(@OLD_SQL_MODE, '') */;
/*!40014 SET FOREIGN_KEY_CHECKS=IFNULL(@OLD_FOREIGN_KEY_CHECKS, 1) */;
/*!40101 SET CHARACTER_SET_CLIENT=@OLD_CHARACTER_SET_CLIENT */;
/*!40111 SET SQL_NOTES=IFNULL(@OLD_SQL_NOTES, 1) */;
